{
    "experiment_name": "bilstm_sample_0.1_lstm30_seq50_20251106_024209",
    "timestamp": "20251106_024209",
    "model_type": "BiLSTM",
    "lstm_units": 30,
    "sequence_length": 50,
    "batch_size": 80,
    "epochs": 100,
    "sample_fraction": 0.1,
    "training_samples": 332303,
    "test_samples": 83076,
    "feature_count": 111,
    "test_metrics": {
        "accuracy": 0.935806335059617,
        "precision": 0.7921225382932167,
        "recall": 0.6785379568884724,
        "f1_score": 0.7309439676930843,
        "roc_auc": 0.9526124972347468,
        "pr_auc": 0.8525787464004205
    },
    "training_history": {
        "loss": [
            0.2090391367673874,
            0.19942918419837952,
            0.19921129941940308,
            0.1917431354522705,
            0.1964271068572998,
            0.19013430178165436,
            0.19431643187999725,
            0.17795419692993164,
            0.17858995497226715,
            0.1788875162601471,
            0.1727294772863388,
            0.17453493177890778,
            0.16722586750984192,
            0.16934096813201904,
            0.16671130061149597,
            0.16635453701019287,
            0.1669609397649765,
            0.1618768870830536,
            0.16231216490268707,
            0.16355764865875244,
            0.1619138866662979,
            0.15980082750320435
        ],
        "accuracy": [
            0.9275266528129578,
            0.9321314692497253,
            0.9336664080619812,
            0.9345692992210388,
            0.9333353638648987,
            0.9362547397613525,
            0.936224639415741,
            0.9366158843040466,
            0.9379100799560547,
            0.9396857619285583,
            0.9399265646934509,
            0.9353819489479065,
            0.9384518265724182,
            0.940287709236145,
            0.9416722059249878,
            0.9430566430091858,
            0.9419731497764587,
            0.9448022842407227,
            0.9449828267097473,
            0.9439595341682434,
            0.9441702365875244,
            0.9438993334770203
        ],
        "precision": [
            0.7711029052734375,
            0.7933149337768555,
            0.7924359440803528,
            0.8028554320335388,
            0.7856098413467407,
            0.7967574000358582,
            0.8051831722259521,
            0.7928977012634277,
            0.7977369427680969,
            0.8134414553642273,
            0.8113532066345215,
            0.7871554493904114,
            0.7872800827026367,
            0.8004953265190125,
            0.8056469559669495,
            0.8060785531997681,
            0.7956705093383789,
            0.800000011920929,
            0.7968036532402039,
            0.7970118522644043,
            0.7954022884368896,
            0.7947799563407898
        ],
        "recall": [
            0.600527822971344,
            0.6206814050674438,
            0.6384357213973999,
            0.634117066860199,
            0.6444337964057922,
            0.6602687239646912,
            0.6485124826431274,
            0.6696256995201111,
            0.676583468914032,
            0.6737043857574463,
            0.6789827346801758,
            0.6645873188972473,
            0.6979366540908813,
            0.6979366540908813,
            0.7051343321800232,
            0.7190499305725098,
            0.723128616809845,
            0.7466410994529724,
            0.7535988688468933,
            0.7423224449157715,
            0.7471209168434143,
            0.7452015280723572
        ],
        "auc": [
            0.8921194076538086,
            0.8883285522460938,
            0.8886554837226868,
            0.8996437788009644,
            0.8904110193252563,
            0.8984624147415161,
            0.8909046649932861,
            0.913550615310669,
            0.9087333679199219,
            0.9101378917694092,
            0.9171572923660278,
            0.9153949618339539,
            0.9192731976509094,
            0.9147163033485413,
            0.9146363735198975,
            0.9132086038589478,
            0.9120330214500427,
            0.9177390933036804,
            0.9181011915206909,
            0.9162105917930603,
            0.9209485054016113,
            0.9236770272254944
        ],
        "pr_auc": [
            0.7310266494750977,
            0.7568812370300293,
            0.7525413632392883,
            0.7718660235404968,
            0.759590744972229,
            0.77099609375,
            0.7660463452339172,
            0.7997958660125732,
            0.7966676950454712,
            0.7988216876983643,
            0.811151385307312,
            0.803882360458374,
            0.8137832880020142,
            0.8143299221992493,
            0.8174312114715576,
            0.8168920278549194,
            0.8142892122268677,
            0.8238334655761719,
            0.8222635984420776,
            0.8205956220626831,
            0.8245940208435059,
            0.8282488584518433
        ],
        "val_loss": [
            0.1917794793844223,
            0.20169073343276978,
            0.1837603747844696,
            0.19867511093616486,
            0.19741939008235931,
            0.1671561896800995,
            0.15153823792934418,
            0.1660315841436386,
            0.16945719718933105,
            0.18223491311073303,
            0.15880806744098663,
            0.16510888934135437,
            0.15748681128025055,
            0.165401890873909,
            0.15700851380825043,
            0.15395903587341309,
            0.1544913500547409,
            0.15172384679317474,
            0.1531834900379181,
            0.1530563235282898,
            0.15221787989139557,
            0.1561570018529892
        ],
        "val_accuracy": [
            0.9378538131713867,
            0.927496075630188,
            0.9342406392097473,
            0.9332771301269531,
            0.9353246092796326,
            0.9406238794326782,
            0.9358063340187073,
            0.937974214553833,
            0.9350836873054504,
            0.9417077898979187,
            0.9419487118721008,
            0.9336384534835815,
            0.9420691132545471,
            0.9391785860061646,
            0.9413465261459351,
            0.9437552690505981,
            0.9441165924072266,
            0.945200502872467,
            0.9447187781333923,
            0.9448392391204834,
            0.9441165924072266,
            0.9394195079803467
        ],
        "val_precision": [
            0.8078212141990662,
            0.8404099345207214,
            0.7671794891357422,
            0.7669094800949097,
            0.7743270993232727,
            0.8153846263885498,
            0.7921225428581238,
            0.8780822157859802,
            0.739130437374115,
            0.8308740258216858,
            0.782608687877655,
            0.7388888597488403,
            0.7474662065505981,
            0.7760314345359802,
            0.7965235114097595,
            0.8144654035568237,
            0.7689563035964966,
            0.7737030386924744,
            0.7763636112213135,
            0.7811634540557861,
            0.7713771462440491,
            0.7919254899024963
        ],
        "val_recall": [
            0.6776007413864136,
            0.5379568934440613,
            0.7010309100151062,
            0.6907216310501099,
            0.7010309100151062,
            0.6954076886177063,
            0.6785379648208618,
            0.6007497906684875,
            0.7647610306739807,
            0.6860356330871582,
            0.759137749671936,
            0.7478913068771362,
            0.8294283151626587,
            0.7403936386108398,
            0.7300843596458435,
            0.728209912776947,
            0.8078725337982178,
            0.8106841444969177,
            0.8003748655319214,
            0.792877197265625,
            0.8031864762306213,
            0.7169634699821472
        ],