{
    "experiment_name": "ocsvm_config_test_nu5_pca_20251105_203613",
    "timestamp": "20251105_203613",
    "model_type": "OneClassSVM",
    "kernel": "rbf",
    "nu": 0.05,
    "gamma": "scale",
    "use_pca": true,
    "pca_components": 30,
    "sample_fraction": 0.1,
    "training_samples": 290357,
    "test_samples": 83076,
    "feature_count": 111,
    "training_stats": {
        "n_samples": 290357,
        "n_features": 111,
        "timestamp": "2025-11-05T20:37:54.787310",
        "pca_explained_variance": 0.9769714573995368,
        "decision_mean": 231.86065936934236,
        "decision_std": 163.00683365121483,
        "decision_min": -879.7868036364806,
        "decision_max": 561.8141120981028,
        "n_support_vectors": 14537,
        "support_vector_ratio": 0.05006595329198194
    },
    "test_metrics": {
        "accuracy": 0.9092156579517551,
        "precision_benign": 0.9458755466597206,
        "recall_benign": 0.9504883660058686,
        "f1_benign": 0.948176346095704,
        "precision_malicious": 0.6453172801736899,
        "recall_malicious": 0.6235338991131878,
        "f1_malicious": 0.6342386032977692,
        "roc_auc": 0.8794626058969882,
        "pr_auc": 0.6168445803771235,
        "confusion_matrix": [
            [
                68995,
                3594
            ],
            [
                3948,
                6539
            ]
        ],
        "classification_report": {
            "0": {
                "precision": 0.9458755466597206,
                "recall": 0.9504883660058686,
                "f1-score": 0.948176346095704,
                "support": 72589.0
            },
            "1": {
                "precision": 0.6453172801736899,
                "recall": 0.6235338991131878,
                "f1-score": 0.6342386032977692,
                "support": 10487.0
            },
            "accuracy": 0.9092156579517551,
            "macro avg": {
                "precision": 0.7955964134167053,
                "recall": 0.7870111325595281,
                "f1-score": 0.7912074746967366,
                "support": 83076.0
            },
            "weighted avg": {
                "precision": 0.9079349315526019,
                "recall": 0.9092156579517551,
                "f1-score": 0.9085467887178579,
                "support": 83076.0
            }
        },
        "decision_score_stats": {
            "mean": 167.2655991412188,
            "std": 264.77678194509116,
            "min": -880.7868036364806,
            "max": 521.6797479360401
        }
    }
}