{
    "experiment_name": "rf20__complete_trees500_20251106_152459",
    "timestamp": "20251106_152459",
    "model_type": "RandomForest",
    "n_estimators": 500,
    "max_depth": null,
    "max_features": "sqrt",
    "sample_fraction": null,
    "training_samples": 3323009,
    "test_samples": 830753,
    "feature_count": 111,
    "training_stats": {
        "n_samples": 3323009,
        "n_features": 20,
        "n_trees": 500,
        "training_time_seconds": 473.370237,
        "feature_importances": [
            0.36674060069794534,
            0.03846901189220761,
            0.07063548090086913,
            0.02076424710429721,
            0.01749181468966721,
            0.009519586913440452,
            0.0112773414666909,
            0.00338401343839053,
            0.02077709065235745,
            0.010848410229496074,
            0.05331366626921327,
            0.07131374504384412,
            0.0028440477425472305,
            0.015688713291281218,
            0.04043160333375292,
            0.05624011777747503,
            0.11605227228865445,
            0.023341492684593287,
            0.009954043838156108,
            0.04091269974512049
        ],
        "oob_score": 0.9707111837494271
    },
    "test_metrics": {
        "accuracy": 0.9709721180663807,
        "precision_benign": 0.9863379192389041,
        "recall_benign": 0.9803578242894555,
        "f1_benign": 0.9833387799827688,
        "precision_malicious": 0.8695122955695681,
        "recall_malicious": 0.9060038525356169,
        "f1_malicious": 0.8873830750047867,
        "precision": 0.9715910138991599,
        "recall": 0.9709721180663807,
        "f1_score": 0.9712262857056237,
        "roc_auc": 0.9932760291567727,
        "pr_auc": 0.9529465284284129,
        "confusion_matrix": [
            [
                711629,
                14258
            ],
            [
                9857,
                95009
            ]
        ]
    }
}