{
    "experiment_name": "hybrid_voting_voting_20251106_224600",
    "timestamp": "20251106_224600",
    "model_type": "Hybrid",
    "fusion_strategy": "voting",
    "supervised_model_path": "results/rf20__complete_trees500_20251106_152459/models/random_forest_detector.pkl",
    "unsupervised_model_path": "results/iforest_20_complete_n100_cont5_20251106_212246/models/iforest_detector.pkl",
    "sample_fraction": null,
    "test_samples": 830753,
    "feature_count": 20,
    "metrics": {
        "accuracy": 0.9701271015572619,
        "precision_benign": 0.9849547605212916,
        "recall_benign": 0.9807931537553366,
        "f1_benign": 0.9828695519521891,
        "precision_malicious": 0.8708272724745907,
        "recall_malicious": 0.8962962256594129,
        "f1_malicious": 0.8833782113637753,
        "precision_weighted": 0.9705484409997186,
        "recall_weighted": 0.9701271015572619,
        "f1_weighted": 0.9703107541842068,
        "roc_auc": 0.9885073994511827,
        "pr_auc": 0.9056394009525199,
        "confusion_matrix": [
            [
                711945,
                13942
            ],
            [
                10875,
                93991
            ]
        ],
        "fpr": 0.019206846244663425,
        "fnr": 0.10370377434058703,
        "base_models": {
            "random_forest": {
                "accuracy": 0.9709721180663807,
                "precision_benign": 0.9863379192389041,
                "recall_benign": 0.9803578242894555,
                "f1_benign": 0.9833387799827688,
                "precision_malicious": 0.8695122955695681,
                "recall_malicious": 0.9060038525356169,
                "f1_malicious": 0.8873830750047867,
                "precision_weighted": 0.9715910138991599,
                "recall_weighted": 0.9709721180663807,
                "f1_weighted": 0.9712262857056237,
                "roc_auc": 0.9932760291961837,
                "pr_auc": 0.952946528955186,
                "confusion_matrix": [
                    [
                        711629,
                        14258
                    ],
                    [
                        9857,
                        95009
                    ]
                ],
                "fpr": 0.01964217571054448,
                "fnr": 0.09399614746438312
            },
            "isolation_forest": {
                "accuracy": 0.9236006370124453,
                "precision_benign": 0.9620571026793562,
                "recall_benign": 0.9500321675412289,
                "f1_benign": 0.9560068233126615,
                "precision_malicious": 0.6816629951114193,
                "recall_malicious": 0.7406404363664104,
                "f1_malicious": 0.7099289321542013,
                "precision_weighted": 0.926662938006801,
                "recall_weighted": 0.9236006370124453,
                "f1_weighted": 0.9249443966536869,
                "roc_auc": 0.8698444354532447,
                "pr_auc": 0.6315625679862863,
                "confusion_matrix": [
                    [
                        689616,
                        36271
                    ],
                    [
                        27198,
                        77668
                    ]
                ],
                "fpr": 0.04996783245877113,
                "fnr": 0.25935956363358953
            }
        },
        "agreement_analysis": {
            "all_models_agree": {
                "count": 781819,
                "percentage": 0.9410968121692007,
                "accuracy_when_agree": 0.9752820026118577
            },
            "hybrid_rf_agree": {
                "count": 827117,
                "percentage": 0.995623247824564
            },
            "hybrid_if_agree": {
                "count": 785455,
                "percentage": 0.9454735643446367
            },
            "rf_if_agree": {
                "count": 781819,
                "percentage": 0.9410968121692007
            },
            "all_models_disagree": {
                "count": 0,
                "percentage": 0.0
            }
        }
    }
}