{
    "accuracy": 0.9278251239828591,
    "precision_benign": 0.9490364256719397,
    "recall_benign": 0.9694581823692295,
    "f1_benign": 0.9591386125119259,
    "precision_malicious": 0.7515966386554622,
    "recall_malicious": 0.6396490893487174,
    "f1_malicious": 0.691118895528539,
    "roc_auc": 0.8733531399602004,
    "pr_auc": 0.7270614326719278,
    "confusion_matrix": [
        [
            70372,
            2217
        ],
        [
            3779,
            6708
        ]
    ],
    "classification_report": {
        "0": {
            "precision": 0.9490364256719397,
            "recall": 0.9694581823692295,
            "f1-score": 0.9591386125119259,
            "support": 72589.0
        },
        "1": {
            "precision": 0.7515966386554622,
            "recall": 0.6396490893487174,
            "f1-score": 0.691118895528539,
            "support": 10487.0
        },
        "accuracy": 0.9278251239828591,
        "macro avg": {
            "precision": 0.850316532163701,
            "recall": 0.8045536358589735,
            "f1-score": 0.8251287540202324,
            "support": 83076.0
        },
        "weighted avg": {
            "precision": 0.9241128491102155,
            "recall": 0.9278251239828591,
            "f1-score": 0.9253054624805717,
            "support": 83076.0
        }
    },
    "anomaly_score_stats": {
        "mean": -0.4439440380894271,
        "std": 0.07906281730928191,
        "min": -0.7250507166762375,
        "max": -0.35903314874719366
    },
    "decision_score_stats": {
        "mean": 0.11613203407929525,
        "std": 0.0790628173092819,
        "min": -0.1649746445075152,
        "max": 0.20104292342152869
    }
}