{
    "experiment_name": "bilstm_complete_lstm30_seq50_20251106_025127",
    "timestamp": "20251106_025127",
    "model_type": "BiLSTM",
    "lstm_units": 30,
    "sequence_length": 50,
    "batch_size": 80,
    "epochs": 100,
    "sample_fraction": null,
    "training_samples": 3323009,
    "test_samples": 830753,
    "feature_count": 111,
    "test_metrics": {
        "accuracy": 0.9431690963152003,
        "precision": 0.7729652546406474,
        "recall": 0.7765876052027544,
        "f1_score": 0.774772195983016,
        "roc_auc": 0.9728352017518476,
        "pr_auc": 0.8738925257506451
    },
    "training_history": {
        "loss": [
            0.19675695896148682,
            0.17210493981838226,
            0.18676279485225677,
            0.18068039417266846,
            0.1785488724708557,
            0.1719687134027481,
            0.16212476789951324,
            0.17562438547611237,
            0.18402016162872314,
            0.18278789520263672,
            0.19088611006736755,
            0.17896510660648346,
            0.16680456697940826,
            0.16777125000953674,
            0.1745290458202362,
            0.17151689529418945,
            0.1572466790676117,
            0.1554650515317917,
            0.1644875407218933,
            0.16489137709140778,
            0.16122539341449738
        ],
        "accuracy": [
            0.9326443672180176,
            0.9360118508338928,
            0.9374112486839294,
            0.9389128684997559,
            0.9393041133880615,
            0.9393672943115234,
            0.9403062462806702,
            0.9403694272041321,
            0.93864506483078,
            0.93927401304245,
            0.93935227394104,
            0.9412932991981506,
            0.9425120949745178,
            0.9432975649833679,
            0.9431741833686829,
            0.9443508386611938,
            0.9452776908874512,
            0.9458434581756592,
            0.94589763879776,
            0.9444501399993896,
            0.9444802403450012
        ],
        "precision": [
            0.7804807424545288,
            0.7800207138061523,
            0.8194887638092041,
            0.8277595043182373,
            0.8113245368003845,
            0.8008049726486206,
            0.8076115846633911,
            0.8090209364891052,
            0.8228736519813538,
            0.8140162229537964,
            0.8328622579574585,
            0.8372275829315186,
            0.8082831501960754,
            0.8140666484832764,
            0.8251956701278687,
            0.8111612200737,
            0.7978978157043457,
            0.7943611145019531,
            0.8070889711380005,
            0.8132306933403015,
            0.8144609928131104
        ],
        "recall": [
            0.646708607673645,
            0.684656023979187,
            0.6447000503540039,
            0.6498410105705261,
            0.6746132373809814,
            0.6898208856582642,
            0.690083920955658,
            0.6887927055358887,
            0.653069019317627,
            0.6707395911216736,
            0.6481910943984985,
            0.662298858165741,
            0.7121302485466003,
            0.7121063470840454,
            0.6958944201469421,
            0.727098822593689,
            0.7569164037704468,
            0.7686808109283447,
            0.749193012714386,
            0.7251620292663574,
            0.723727285861969
        ],
        "auc": [
            0.8963213562965393,
            0.9199618101119995,
            0.8959335684776306,
            0.9065354466438293,
            0.9070842862129211,
            0.9212530255317688,
            0.9324861168861389,
            0.907061755657196,
            0.898865282535553,
            0.8956587910652161,
            0.88383948802948,
            0.9052914977073669,
            0.917356014251709,
            0.9145887494087219,
            0.9039404392242432,
            0.9032473564147949,
            0.9260649085044861,
            0.9239565134048462,
            0.9105393290519714,
            0.9183615446090698,
            0.9228517413139343
        ],
        "pr_auc": [
            0.7621010541915894,
            0.8073553442955017,
            0.7836877703666687,
            0.7962604761123657,
            0.7993260622024536,
            0.8105742931365967,
            0.8269839882850647,
            0.8018072843551636,
            0.7884266376495361,
            0.7887420654296875,
            0.7740103602409363,
            0.7993313670158386,
            0.8190227150917053,
            0.8162107467651367,
            0.8041264414787292,
            0.8061827421188354,
            0.8330835700035095,
            0.8333375453948975,
            0.8186829090118408,
            0.8208450078964233,
            0.8292475938796997
        ],
        "val_loss": [
            0.17179705202579498,
            0.15788337588310242,
            0.18461613357067108,
            0.17963548004627228,
            0.15527135133743286,
            0.12724430859088898,
            0.1528492569923401,
            0.17823965847492218,
            0.1690186858177185,
            0.17772656679153442,
            0.18126334249973297,
            0.16525612771511078,
            0.15587446093559265,
            0.16888904571533203,
            0.16142839193344116,
            0.1542290449142456,
            0.14211173355579376,
            0.14450566470623016,
            0.15084031224250793,
            0.155216246843338,
            0.1414107233285904
        ],
        "val_accuracy": [
            0.9370899796485901,
            0.9372584819793701,
            0.9429644346237183,
            0.9436385631561279,
            0.9460822939872742,
            0.943169116973877,
            0.9444090127944946,
            0.9366927146911621,
            0.943530261516571,
            0.9439515471458435,
            0.9435904026031494,
            0.9436987638473511,
            0.9471777081489563,
            0.94705730676651,
            0.945624828338623,
            0.9481768608093262,
            0.9486463665962219,
            0.9495251178741455,
            0.9489352703094482,
            0.9467804431915283,
            0.9469128847122192
        ],
        "val_precision": [
            0.7312931418418884,
            0.7584269642829895,
            0.8299099802970886,
            0.8118383884429932,
            0.8111400604248047,
            0.7729652523994446,
            0.8219721913337708,
            0.7611820101737976,
            0.7976866960525513,
            0.8068133592605591,
            0.8329102396965027,
            0.8134968280792236,
            0.8109243512153625,
            0.8184398412704468,
            0.8260678648948669,
            0.7999609708786011,
            0.7963991761207581,
            0.7994644641876221,
            0.8068944811820984,
            0.8180668354034424,
            0.8157510161399841
        ],
        "val_recall": [
            0.7907421588897705,
            0.7359411120414734,
            0.6878347396850586,
            0.7188217043876648,
            0.7451224327087402,
            0.7765876054763794,
            0.7127008438110352,
            0.724273145198822,
            0.7387146353721619,
            0.729341983795166,
            0.6903213262557983,
            0.717100203037262,
            0.7567903399467468,
            0.7445485591888428,
            0.719491183757782,
            0.7844299674034119,
            0.7953328490257263,
            0.7995409369468689,
            0.7812739014625549,
            0.7422532439231873,
            0.7469395399093628
        ],