{
    "experiment_name": "rf__sample_0.1_trees500_20251106_074047",
    "timestamp": "20251106_074047",
    "model_type": "RandomForest",
    "n_estimators": 500,
    "max_depth": null,
    "max_features": "sqrt",
    "sample_fraction": 0.1,
    "training_samples": 332303,
    "test_samples": 83076,
    "feature_count": 111,
    "training_stats": {
        "n_samples": 332303,
        "n_features": 111,
        "n_trees": 500,
        "training_time_seconds": 57.079554,
        "feature_importances": [
            0.020282476673977447,
            0.0029118860865021343,
            0.00019065706914511596,
            0.025629086218549584,
            0.0,
            0.0,
            0.006772006485988684,
            0.044467265644886705,
            0.027842477294127234,
            0.02434854948769217,
            0.0026138679017620584,
            0.00019565850237479145,
            0.029981061976552155,
            0.0028515032746634678,
            0.00015179447909769743,
            0.017797951245792604,
            0.005510242832316684,
            0.005963655318945624,
            0.0057140096250115156,
            0.02243443046025032,
            0.017023605644537518,
            0.014917229038526214,
            0.01419094690626089,
            5.7696832805095195e-05,
            0.014532200451151351,
            0.031195200606085514,
            0.02072471229578876,
            0.020719072389441675,
            0.026507230223756135,
            9.718053779734045e-05,
            9.760332270320242e-05,
            0.00014247137078056963,
            4.026452087954522e-05,
            0.036881694104132605,
            0.03056702257161629,
            0.024577719095117606,
            0.026791054429974922,
            0.02847866562870453,
            4.0765351433322934e-05,
            4.495203853131815e-05,
            2.72314589137318e-05,
            7.778832201300324e-06,
            0.00010775344770367564,
            8.880139646068899e-05,
            0.00011666437482900242,
            0.0,
            0.00019481159635196572,
            0.00017278073117475609,
            0.0,
            0.0001105477949039784,
            8.33974428050586e-05,
            1.1855967007592755e-05,
            7.3361645292265344e-06,
            5.7583877837894805e-06,
            0.0,
            0.00010123842349913078,
            9.07007689844945e-05,
            0.0,
            4.4109819488131414e-05,
            1.702972643026946e-06,
            0.0028136614002129633,
            0.0030058702338316918,
            0.0029960385678954693,
            0.0005994238632720355,
            0.0005682580308854425,
            0.003072214015496934,
            0.0006519973418005513,
            0.00016879592654270593,
            0.0001885724788820642,
            0.00013885159163234696,
            0.00012428078375209347,
            0.00017329889444246918,
            3.033108170062116e-06,
            3.2721277668330386e-05,
            0.0002052484700781253,
            6.058230090373684e-06,
            3.252755502537738e-05,
            0.007791420214089987,
            0.0014928651667281505,
            0.004575523239871882,
            0.01344893750781097,
            0.0038155709426386966,
            0.00862163903445264,
            0.005233079103830655,
            0.007173061869510737,
            0.008547424891508181,
            0.01842586541496232,
            0.0036078131514880986,
            0.006744164138896757,
            0.006401505486989973,
            0.006581902657333354,
            0.0058773341590462784,
            0.0013505157909791713,
            0.0015974552368470014,
            0.005863314756161485,
            0.002219503222522023,
            0.0018058524854673921,
            0.0008938055643567852,
            0.0,
            0.0006309722438032504,
            0.0,
            0.0,
            0.0,
            0.0,
            0.0,
            0.0,
            0.2640450444442954,
            0.008898986669705854,
            0.009782404158482598,
            0.007979740417189718,
            0.01735510874441163
        ],
        "oob_score": 0.9646045927963335
    },
    "test_metrics": {
        "accuracy": 0.9641051567239636,
        "precision_benign": 0.9768451916094647,
        "recall_benign": 0.9822011599553652,
        "f1_benign": 0.9795158542616915,
        "precision_malicious": 0.871939736346516,
        "recall_malicious": 0.8388480976447029,
        "f1_malicious": 0.8550738724727839,
        "precision": 0.9636025763012825,
        "recall": 0.9641051567239636,
        "f1_score": 0.9638070687758681,
        "roc_auc": 0.9897863644975236,
        "pr_auc": 0.9383648463772218,
        "confusion_matrix": [
            [
                71297,
                1292
            ],
            [
                1690,
                8797
            ]
        ]
    }
}