{
    "experiment_name": "rf__complete_trees500_20251106_074509",
    "timestamp": "20251106_074509",
    "model_type": "RandomForest",
    "n_estimators": 500,
    "max_depth": null,
    "max_features": "sqrt",
    "sample_fraction": null,
    "training_samples": 3323009,
    "test_samples": 830753,
    "feature_count": 111,
    "training_stats": {
        "n_samples": 3323009,
        "n_features": 111,
        "n_trees": 500,
        "training_time_seconds": 949.07177,
        "feature_importances": [
            0.01869232712944219,
            0.0029655308267505175,
            0.00016356486556046339,
            0.026892430347300957,
            0.0,
            0.0,
            0.005122643381222748,
            0.044870149032207506,
            0.026174725078340216,
            0.02315480123230808,
            0.001449678240318384,
            0.00021466038202168873,
            0.028509325227347854,
            0.0015249981845472799,
            0.0001722361258240967,
            0.01837136431591441,
            0.005758129797850538,
            0.0051976548490043715,
            0.005202952428049945,
            0.02195516419932409,
            0.016899859925477236,
            0.015326836523060296,
            0.013238509981518128,
            2.792342472461683e-05,
            0.011323522409811587,
            0.03139844868580382,
            0.020772853984478607,
            0.020760913032032802,
            0.026228973029353772,
            0.00017814632515927435,
            0.00011379590134634088,
            0.00011993868173563707,
            1.8156823602052206e-05,
            0.03691732600400747,
            0.035426378001478076,
            0.02057067760780107,
            0.02916716167339303,
            0.024920349088347463,
            1.6622959071683546e-05,
            2.5805483413565408e-05,
            3.055867258558881e-05,
            1.6766497635355757e-06,
            0.00010060644394996097,
            4.443887644114586e-05,
            8.145296714783917e-05,
            0.0,
            0.00012569062272312472,
            0.00012208617491673223,
            0.0,
            6.152209970018126e-05,
            4.9444644144325434e-05,
            2.4150412894296543e-05,
            3.980853976703147e-06,
            8.893702920947925e-06,
            0.0,
            0.00010348161918809177,
            4.885628329545119e-05,
            0.0,
            4.607651782651156e-06,
            1.988246079187875e-06,
            0.0016340544638995464,
            0.0017537647901094608,
            0.0015888535442804296,
            0.00068064914148105,
            0.0006364486178230119,
            0.0018780977432443487,
            0.0007627448289228894,
            0.00018278943688650735,
            0.0002151375115137818,
            8.068117665134807e-05,
            0.00011729565952981959,
            0.00023365552152957252,
            6.0774677336466355e-06,
            5.198426925167014e-06,
            0.00029691488644538244,
            3.511337478239091e-05,
            5.295017547673209e-05,
            0.008116605052231092,
            0.0016801822166277636,
            0.00369670386514505,
            0.012818823633670038,
            0.0037168464770158303,
            0.008395087621038817,
            0.005438513548224346,
            0.007708350223092377,
            0.00802443226212598,
            0.018051703436256727,
            0.0036053054984557867,
            0.006660315765017531,
            0.006407280664690455,
            0.00535846492748146,
            0.0063750972761694655,
            0.0013988550127412985,
            0.0013477116106562156,
            0.004604222757866168,
            0.001981167259113157,
            0.0019351876920277152,
            0.0007571936805841009,
            0.0,
            0.0005241186606668896,
            0.0,
            0.0,
            0.0,
            0.0,
            0.0,
            0.0,
            0.2736421036416224,
            0.00781995679666716,
            0.008490883527113996,
            0.008947628091138964,
            0.0316788609248626
        ],
        "oob_score": 0.9717220145958076
    },
    "test_metrics": {
        "accuracy": 0.9718628762098963,
        "precision_benign": 0.9869425382962501,
        "recall_benign": 0.9807738670068482,
        "f1_benign": 0.983848533446837,
        "precision_malicious": 0.8724349423690393,
        "recall_malicious": 0.9101806114469895,
        "f1_malicious": 0.8909081575029519,
        "precision": 0.9724882377345875,
        "recall": 0.9718628762098963,
        "f1_score": 0.9721166643308286,
        "roc_auc": 0.9938331832086053,
        "pr_auc": 0.9574767445283856,
        "confusion_matrix": [
            [
                711931,
                13956
            ],
            [
                9419,
                95447
            ]
        ]
    }
}