{
    "accuracy": 0.9271028937358563,
    "precision_benign": 0.9482449639560736,
    "recall_benign": 0.9694857347531995,
    "f1_benign": 0.9587477180458298,
    "precision_malicious": 0.7500282135199188,
    "recall_malicious": 0.6337370077238486,
    "f1_malicious": 0.6869960719454207,
    "roc_auc": 0.8698242443094977,
    "pr_auc": 0.6423207422693009,
    "confusion_matrix": [
        [
            70374,
            2215
        ],
        [
            3841,
            6646
        ]
    ],
    "classification_report": {
        "0": {
            "precision": 0.9482449639560736,
            "recall": 0.9694857347531995,
            "f1-score": 0.9587477180458298,
            "support": 72589.0
        },
        "1": {
            "precision": 0.7500282135199188,
            "recall": 0.6337370077238486,
            "f1-score": 0.6869960719454207,
            "support": 10487.0
        },
        "accuracy": 0.9271028937358563,
        "macro avg": {
            "precision": 0.8491365887379962,
            "recall": 0.801611371238524,
            "f1-score": 0.8228718949956253,
            "support": 83076.0
        },
        "weighted avg": {
            "precision": 0.9232233083416489,
            "recall": 0.9271028937358563,
            "f1-score": 0.9244434723833642,
            "support": 83076.0
        }
    },
    "anomaly_score_stats": {
        "mean": -0.4025033276189935,
        "std": 0.07795869804899803,
        "min": -0.7680498618799185,
        "max": -0.3372199746983342
    },
    "decision_score_stats": {
        "mean": 0.12007999227818032,
        "std": 0.07795869804899803,
        "min": -0.24546654198274465,
        "max": 0.18536334519883968
    }
}