{
    "accuracy": 0.9688258724313966,
    "precision_macro": 0.917512409794629,
    "recall_macro": 0.9476512963401325,
    "f1_macro": 0.9318188103625544,
    "precision_weighted": 0.9703537086266755,
    "recall_weighted": 0.9688258724313966,
    "f1_weighted": 0.9693687254715491,
    "roc_auc": 0.9936363442699618,
    "confusion_matrix": [
        [
            708449,
            17438
        ],
        [
            8460,
            96406
        ]
    ],
    "classification_report": {
        "0": {
            "precision": 0.9881993391071949,
            "recall": 0.9759769771328044,
            "f1-score": 0.9820501304411712,
            "support": 725887.0
        },
        "1": {
            "precision": 0.8468254804820632,
            "recall": 0.9193256155474606,
            "f1-score": 0.8815874902839377,
            "support": 104866.0
        },
        "accuracy": 0.9688258724313966,
        "macro avg": {
            "precision": 0.917512409794629,
            "recall": 0.9476512963401325,
            "f1-score": 0.9318188103625544,
            "support": 830753.0
        },
        "weighted avg": {
            "precision": 0.9703537086266755,
            "recall": 0.9688258724313966,
            "f1-score": 0.9693687254715491,
            "support": 830753.0
        }
    }
}