{
    "experiment_name": "rf__sample_0.01_trees500_20251106_074011",
    "timestamp": "20251106_074011",
    "model_type": "RandomForest",
    "n_estimators": 500,
    "max_depth": null,
    "max_features": "sqrt",
    "sample_fraction": 0.01,
    "training_samples": 33229,
    "test_samples": 8308,
    "feature_count": 111,
    "training_stats": {
        "n_samples": 33229,
        "n_features": 111,
        "n_trees": 500,
        "training_time_seconds": 3.487608,
        "feature_importances": [
            0.021025423627578886,
            0.0029275044964863304,
            0.00025495464929025605,
            0.02477633474957762,
            0.0,
            0.0,
            0.008229806178775645,
            0.043287686810943644,
            0.025289137863004227,
            0.025253317223123257,
            0.003467051472472115,
            0.00020219838264154492,
            0.03010788781257369,
            0.0034095983859466546,
            0.00012744121225578226,
            0.01924657678269001,
            0.00674462880507173,
            0.006683612764250818,
            0.006512447578510311,
            0.025969012257134473,
            0.018052313194099473,
            0.0158316277741688,
            0.015607357934244562,
            0.0001474710166826839,
            0.014180307877158358,
            0.03150190283843841,
            0.028969353658645912,
            0.02283746106618628,
            0.02760150821571492,
            0.00031716657224569546,
            0.00021767992473697558,
            0.00024804035424879294,
            5.563184884318063e-05,
            0.037668854736424284,
            0.031438448702099615,
            0.021836174449996856,
            0.02555868400904423,
            0.025974816024513493,
            3.1863733526309703e-05,
            4.715838790273791e-05,
            4.750365659512299e-05,
            8.529611965752464e-05,
            0.00013552607660074727,
            0.00013074959692548272,
            0.0003350392653957996,
            0.0,
            0.0002713199366599939,
            0.00019380585595865212,
            0.0,
            0.00015616584452414684,
            0.00013884667156370556,
            6.220863910049922e-05,
            9.435652716844953e-06,
            3.0631482448694925e-05,
            0.0,
            3.026043030231852e-05,
            2.0144229419264912e-06,
            0.0,
            5.992454466239362e-05,
            6.765204768803458e-07,
            0.0034987172991291808,
            0.0036708877779828624,
            0.003263883580265833,
            0.0005910420712304466,
            0.0005258331925833288,
            0.0038816409109894245,
            0.000583198173193202,
            0.00019320513980035562,
            9.474155920178256e-05,
            9.101000701096792e-05,
            0.00020364242008717745,
            0.0001299191490521412,
            2.530002864095058e-06,
            4.776788911967631e-06,
            0.00026383452133667767,
            2.124068954998257e-06,
            5.3995833179524695e-05,
            0.008144880170912923,
            0.0018764771727887452,
            0.004232895726218389,
            0.01383016332557236,
            0.0035482583723037008,
            0.009259205401063057,
            0.005954544056543332,
            0.007005105629350446,
            0.009520197912648683,
            0.02055570922515248,
            0.0026012152489376206,
            0.008867051468384466,
            0.006553366059354665,
            0.006353081712547557,
            0.007234763369891988,
            0.0016469887974535234,
            0.0014913565639736142,
            0.0060631085327358504,
            0.00208445556490179,
            0.0018352465396563986,
            0.0009792487028392278,
            0.0,
            0.0010763315061135808,
            0.0,
            0.0,
            0.0,
            0.0,
            0.0,
            0.0,
            0.24483197074446755,
            0.009500559918046134,
            0.009397660273251047,
            0.008740507751703364,
            0.006432819669634281
        ],
        "oob_score": 0.9573565259261488
    },
    "test_metrics": {
        "accuracy": 0.9557053442465094,
        "precision_benign": 0.9673176023867643,
        "recall_benign": 0.9825068870523416,
        "f1_benign": 0.974853081864152,
        "precision_malicious": 0.8640256959314775,
        "recall_malicious": 0.7700381679389313,
        "f1_malicious": 0.8143289606458123,
        "precision": 0.9542880022465211,
        "recall": 0.9557053442465094,
        "f1_score": 0.9546040112049297,
        "roc_auc": 0.9871562388282549,
        "pr_auc": 0.9236437503814101,
        "confusion_matrix": [
            [
                7133,
                127
            ],
            [
                241,
                807
            ]
        ]
    }
}