{
    "experiment_name": "bilstm_test_lstm30_seq50_20251106_023825",
    "timestamp": "20251106_023825",
    "model_type": "BiLSTM",
    "lstm_units": 30,
    "sequence_length": 50,
    "batch_size": 80,
    "epochs": 100,
    "sample_fraction": 0.01,
    "training_samples": 33229,
    "test_samples": 8308,
    "feature_count": 111,
    "test_metrics": {
        "accuracy": 0.940677966101695,
        "precision": 0.8493150684931506,
        "recall": 0.62,
        "f1_score": 0.7167630057803468,
        "roc_auc": 0.9658953168044078,
        "pr_auc": 0.8475878253056349
    },
    "training_history": {
        "loss": [
            0.2869516611099243,
            0.2163742482662201,
            0.217825785279274,
            0.21076655387878418,
            0.20315754413604736,
            0.20677176117897034,
            0.20695826411247253,
            0.2084868997335434,
            0.19927780330181122,
            0.2076263278722763,
            0.20242387056350708,
            0.1869267374277115,
            0.19679312407970428,
            0.19641277194023132,
            0.19096897542476654,
            0.19379881024360657,
            0.1982298493385315,
            0.18638205528259277,
            0.21393296122550964,
            0.20060303807258606,
            0.19557030498981476,
            0.18866807222366333,
            0.19087134301662445,
            0.19453418254852295,
            0.19667387008666992,
            0.1965932697057724,
            0.19824068248271942,
            0.19562886655330658,
            0.1934310793876648,
            0.19406729936599731,
            0.18778425455093384,
            0.19236133992671967,
            0.18890731036663055,
            0.19022199511528015,
            0.19260995090007782,
            0.18667209148406982,
            0.18596120178699493
        ],
        "accuracy": [
            0.8908981084823608,
            0.9358047246932983,
            0.9315853118896484,
            0.9361060857772827,
            0.9345991611480713,
            0.9291741847991943,
            0.9318866729736328,
            0.9349005222320557,
            0.9330922365188599,
            0.9336950182914734,
            0.9336950182914734,
            0.9345991611480713,
            0.9336950182914734,
            0.9367088675498962,
            0.9339963793754578,
            0.9355033040046692,
            0.9333935976028442,
            0.9367088675498962,
            0.9339963793754578,
            0.9339963793754578,
            0.9367088675498962,
            0.9358047246932983,
            0.9367088675498962,
            0.9367088675498962,
            0.9358047246932983,
            0.9358047246932983,
            0.9373116493225098,
            0.9367088675498962,
            0.9373116493225098,
            0.9376130104064941,
            0.9370102286338806,
            0.9382157921791077,
            0.9373116493225098,
            0.9379144310951233,
            0.9361060857772827,
            0.938517153263092,
            0.9391199350357056
        ],
        "precision": [
            0.6167401075363159,
            0.8196202516555786,
            0.8012820482254028,
            0.8181818127632141,
            0.803680956363678,
            0.7848101258277893,
            0.7723342776298523,
            0.7900874614715576,
            0.7829912304878235,
            0.8075709939002991,
            0.7876105904579163,
            0.7946428656578064,
            0.7793696522712708,
            0.7988338470458984,
            0.7882353067398071,
            0.7863247990608215,
            0.805031418800354,
            0.7971014380455017,
            0.8062499761581421,
            0.8121019005775452,
            0.8115501403808594,
            0.7970588207244873,
            0.7823691368103027,
            0.8005865216255188,
            0.7790055274963379,
            0.783707857131958,
            0.8244513869285583,
            0.7953890562057495,
            0.8071216344833374,
            0.8023256063461304,
            0.8121212124824524,
            0.8260869383811951,
            0.7932011485099792,
            0.7977207899093628,
            0.8011869192123413,
            0.8093841671943665,
            0.8198198080062866
        ],
        "recall": [
            0.33734938502311707,
            0.6240963935852051,
            0.6024096608161926,
            0.6289156675338745,
            0.6313253045082092,
            0.5975903868675232,
            0.6457831263542175,
            0.6530120372772217,
            0.6433734893798828,
            0.6168674826622009,
            0.6433734893798828,
            0.6433734893798828,
            0.6554216742515564,
            0.6602409482002258,
            0.6457831263542175,
            0.6650602221488953,
            0.6168674826622009,
            0.6626505851745605,
            0.6216867566108704,
            0.6144578456878662,
            0.6433734893798828,
            0.6530120372772217,
            0.6843373775482178,
            0.6578313112258911,
            0.6795180439949036,
            0.6722891330718994,
            0.633734941482544,
            0.6650602221488953,
            0.6554216742515564,
            0.6650602221488953,
            0.6457831263542175,
            0.6409638524055481,
            0.6746987700462341,
            0.6746987700462341,
            0.650602400302887,
            0.6650602221488953,
            0.6578313112258911
        ],
        "auc": [
            0.8022689819335938,
            0.8531930446624756,
            0.8639707565307617,
            0.868503212928772,
            0.9010739922523499,
            0.8891214728355408,
            0.8873873353004456,
            0.8735206127166748,
            0.8875563144683838,
            0.8704479932785034,
            0.87586510181427,
            0.9122673869132996,
            0.8846913576126099,
            0.8920891880989075,
            0.9002968072891235,
            0.9027055501937866,
            0.8824598789215088,
            0.9124644994735718,
            0.8616184592247009,
            0.8820277452468872,
            0.900251567363739,
            0.9169977903366089,
            0.9027500152587891,
            0.8943505883216858,
            0.894496738910675,
            0.8877314925193787,
            0.8784070014953613,
            0.8773977160453796,
            0.8841008543968201,
            0.8849992752075195,
            0.8906481862068176,
            0.8924312591552734,
            0.8870627880096436,
            0.8898584246635437,
            0.8912897706031799,
            0.8929541110992432,
            0.8958289623260498
        ],
        "pr_auc": [
            0.5098592042922974,
            0.6865740418434143,
            0.6752452254295349,
            0.7144553065299988,
            0.7327642440795898,
            0.7344467639923096,
            0.7082005739212036,
            0.7029666900634766,
            0.7438943386077881,
            0.723561704158783,
            0.7356765270233154,
            0.775035560131073,
            0.7443794012069702,
            0.7400742173194885,
            0.7745288610458374,
            0.7635948061943054,
            0.7487119436264038,
            0.7729034423828125,
            0.7161897420883179,
            0.7523503303527832,
            0.7548960447311401,
            0.7838963270187378,
            0.7745682597160339,
            0.762260377407074,
            0.7645331621170044,
            0.7625835537910461,
            0.7525779008865356,
            0.7627781629562378,
            0.7657092809677124,
            0.7657917737960815,
            0.7811844348907471,
            0.7692652344703674,
            0.7823365926742554,
            0.7788510918617249,
            0.7712502479553223,
            0.7839358448982239,
            0.7859529256820679
        ],