{
    "experiment_name": "iforest_complete_n200_cont3_20251105_235640",
    "timestamp": "20251105_235640",
    "model_type": "IsolationForest",
    "n_estimators": 200,
    "contamination": 0.03,
    "max_samples": "1000",
    "max_features": 1.0,
    "sample_fraction": null,
    "training_samples": 2903547,
    "test_samples": 830753,
    "feature_count": 111,
    "training_stats": {
        "n_samples": 2903547,
        "n_features": 30,
        "timestamp": "2025-11-06T00:31:00.681682",
        "anomaly_score_mean": -0.419710081555828,
        "anomaly_score_std": 0.05381656101610736,
        "anomaly_score_min": -0.7408356603331504,
        "anomaly_score_max": -0.35394816771994275,
        "decision_mean": 0.13421308447938998,
        "decision_std": 0.05381656101610736,
        "decision_min": -0.18691249429793244,
        "decision_max": 0.1999749983152752,
        "offset": -0.553923166035218,
        "n_outliers_in_training": 87107,
        "outlier_ratio_training": 0.030000203199741556
    },
    "test_metrics": {
        "accuracy": 0.9262307809902582,
        "precision_benign": 0.9470991161658632,
        "recall_benign": 0.9697390916216987,
        "f1_benign": 0.9582854023412559,
        "precision_malicious": 0.7490001599744041,
        "recall_malicious": 0.6250643678599356,
        "f1_malicious": 0.6814429774404824,
        "roc_auc": 0.8694330167110884,
        "pr_auc": 0.6449632847773381,
        "confusion_matrix": [
            [
                703921,
                21966
            ],
            [
                39318,
                65548
            ]
        ],
        "classification_report": {
            "0": {
                "precision": 0.9470991161658632,
                "recall": 0.9697390916216987,
                "f1-score": 0.9582854023412559,
                "support": 725887.0
            },
            "1": {
                "precision": 0.7490001599744041,
                "recall": 0.6250643678599356,
                "f1-score": 0.6814429774404824,
                "support": 104866.0
            },
            "accuracy": 0.9262307809902582,
            "macro avg": {
                "precision": 0.8480496380701337,
                "recall": 0.7974017297408171,
                "f1-score": 0.8198641898908692,
                "support": 830753.0
            },
            "weighted avg": {
                "precision": 0.9220930732867241,
                "recall": 0.9262307809902582,
                "f1-score": 0.923339566780452,
                "support": 830753.0
            }
        },
        "anomaly_score_stats": {
            "mean": -0.4371047888377005,
            "std": 0.0751183860185588,
            "min": -0.7448912016921977,
            "max": -0.3541228068996493
        },
        "decision_score_stats": {
            "mean": 0.11681837719751749,
            "std": 0.0751183860185588,
            "min": -0.19096803565697973,
            "max": 0.19980035913556865
        }
    }
}