{
    "accuracy": 0.9666931484423901,
    "precision_macro": 0.9134517160356628,
    "recall_macro": 0.94208026391074,
    "f1_macro": 0.9270688970020069,
    "precision_weighted": 0.9682117118406144,
    "recall_weighted": 0.9666931484423901,
    "f1_weighted": 0.9672502886479941,
    "roc_auc": 0.9925042591731101,
    "confusion_matrix": [
        [
            70772,
            1814
        ],
        [
            953,
            9537
        ]
    ],
    "classification_report": {
        "0": {
            "precision": 0.9867131404670617,
            "recall": 0.9750089548948833,
            "f1-score": 0.9808261324500558,
            "support": 72586.0
        },
        "1": {
            "precision": 0.840190291604264,
            "recall": 0.9091515729265968,
            "f1-score": 0.8733116615539581,
            "support": 10490.0
        },
        "accuracy": 0.9666931484423901,
        "macro avg": {
            "precision": 0.9134517160356628,
            "recall": 0.94208026391074,
            "f1-score": 0.9270688970020069,
            "support": 83076.0
        },
        "weighted avg": {
            "precision": 0.9682117118406144,
            "recall": 0.9666931484423901,
            "f1-score": 0.9672502886479941,
            "support": 83076.0
        }
    }
}